Source,Target
2325,2844
437,427
5684,5726
10015,8959
4687,3224
9274,9341
3331,1916
6156,5099
10111,8356
7069,2249
85,87
4039,4037
2008,1719
1500,1343
1254,922
8517,7370
8115,7861
5037,1304
3917,3922
5291,4501
814,321
6245,3701
4509,4511
5063,5080
1122,65
6030,6145
5175,1690
11370,7875
13664,13666
1579,1581
14328,13438
4888,4892
8693,8695
9652,8990
4751,65
13456,13276
5326,5348
3123,3003
4250,4254
13766,12197
4175,4187
7001,6725
3742,3743
687,1988
3789,3808
1642,254
10788,4581
5942,5748
9545,9557
8099,3572
1454,1461
5987,4816
13988,13993
892,254
10685,10687
685,1148
14265,12236
6473,6494
5222,1297
9178,9190
10015,8519
12125,11568
5736,5737
10102,4892
10111,5691
7878,7915
7157,6369
7775,5562
6153,362
14294,12027
4134,4155
685,1970
3728,483
3124,3319
10341,4461
7191,6211
2923,1345
5029,65
3499,888
7554,7573
16128,15218
11050,10709
6030,6080
139,35
234,239
8338,8339
6030,6062
6753,1546
3124,3257
14319,13773
8320,8335
5161,5021
4340,4205
1718,1720
10502,4904
14550,11896
2123,26
3724,659
9274,9282
3109,65
2164,438
1070,855
687,1421
2074,2056
6526,3918
15660,7828
14244,12712
6156,6034
3828,3839
15282,13926
10311,4111
10436,9569
424,172
6030,4851
9742,7815
2709,2589
6498,2848
13872,7533
12098,12100
10066,5111
805,811
4888,4901
685,261
5458,262
3123,3285
9397,4264
8621,7313
4036,4055
3139,1953
14439,11343
13875,6054
1957,1958
1315,65
3082,1580
1961,1751
7790,7776
3247,3459
954,876
14739,10223
12882,12522
266,267
8917,8305
9244,8387
1748,65
7446,7464
2223,2057
12726,12611
9076,9082
3677,65
1454,1231
12493,12509
1780,749
9884,7250
298,301
11524,11534
3126,4306
1843,1546
3599,65
4558,4573
5287,6836
7330,262
3782,65
1965,2183
359,362
6606,6633
8198,8201
8966,8969
13915,13172
625,626
7222,7161
1013,1019
13690,12887
11155,2823
8728,7983
4558,65
2164,659
5612,3792
7268,7329
4727,4740
3789,65
13997,12153
7971,6881
685,1426
5300,1770
9192,9018
756,757
601,556
29,43
13433,13366
5978,3698
4617,65
5116,5131
14615,13972
1555,591
9983,8941
9861,9915
13520,13037
685,1110
9414,9018
85,86
11687,8219
6880,6884
7754,7755
11679,4002
7346,6818
4509,3171
2322,1690
13633,10686
9579,8691
2608,2468
10804,4988
13900,12712
4778,4099
2238,1708
8292,8295
2263,2283
6245,6253
3106,3622
1579,1580
5458,5015
15316,15319
4888,4893
8693,8694
6156,13607
5616,5634
1139,686
378,254
11560,10574
6030,6099
12850,12100
4223,65
4854,4885
474,477
8871,7932
10454,10493
877,698
4854,3641
10408,4401
8115,65
8669,7071
2140,2057
1495,471
12873,12522
13544,9448
2368,1704
10341,6211
10341,4415
10685,10686
4778,4624
12976,11575
2248,2249
8402,8432
6156,5151
9020,5709
15561,15110
7822,7835
9476,8068
9464,8441
14444,6252
8808,65
4389,4013
5326,4762
8215,8315
50,55
3022,261
2923,1344
892,897
2718,2553
519,520
405,408
771,779
4034,4054
11637,11653
6844,5709
9515,9523
10389,10054
8138,7279
3263,1805
6030,6063
1903,1915
5761,5773
3109,1175
1869,757
6570,6573
10668,9687
925,879
3125,3180
8187,4425
6863,3808
9545,4618
2212,1950
5865,2183
12045,9687
5194,1848
9133,9039
7157,3224
7224,1326
7191,5605
6929,6885
874,888
8761,8788
1963,1964
925,541
10971,10607
2313,2057
12168,12175
1315,1318
3082,2054
13630,11991
5517,5525
11863,9681
4888,4902
9071,8850
584,586
8198,3640
3320,3198
1876,65
352,172
11295,2924
1876,1764
5920,3336
13534,5912
11463,4137
10408,9773
10341,8427
8425,7999
2788,2420
413,423
696,701
9476,9064
516,523
4477,4478
7446,7465
1819,1820
7069,4753
12920,10689
2155,2156
9178,7789
4102,4131
4040,4035
10051,8441
1454,1855
14132,12132
5300,1827
4046,4679
14439,13781
13826,13459
4807,4815
10235,6101
11718,11722
2008,1817
1724,749
4040,4678
5920,2054
3323,3322
9747,7785
14671,5815
1337,1338
898,314
13332,10357
3106,2664
14322,10686
745,65
584,65
7346,5585
2244,899
3579,1175
7019,6924
756,758
8338,6801
11155,5473
3125,3285
470,294
9133,5695
14671,14517
3601,65
12212,11915
6880,6885
4041,4035
3917,3931
13066,10120
7520,7533
3917,3920
12622,12627
771,338
4045,4679
5326,4523
4396,4412
9703,9704
8187,3808
6865,65
11660,11088
2591,2563
15997,16005
9985,8245
3663,1947
6570,4094
533,534
6245,6252
8099,1295
2210,1709
2123,1720
1806,842
16117,15873
4704,4705
5326,5354
7346,5864
8138,5232
3869,61
3126,3286
77,79
1702,1027
67,73
4956,4957
5942,65
8003,65
6570,6267
2852,2593
5014,5015
9133,9177
9579,1762
8529,8247
6552,5080
13941,13946
6320,6323
11775,11787
10655,10598
6327,3920
683,684
4191,4192
4057,4067
11698,7533
7330,732
3724,301
1013,382
5458,732
2582,2589
6400,5348
10024,4121
13879,12197
2675,2416
4142,4154
14238,12153
4687,65
4228,749
1548,587
1139,23
7554,7571
3126,3257
6978,6962
10744,10758
10311,10244
6659,6610
13528,12499
1465,2513
13778,12153
3976,3692
2390,2513
385,2513
5116,5127
12839,12840
10496,4267
330,331
4956,65
14088,11896
13533,12887
12229,10922
755,321
1337,83
12442,9046
1825,1827
4509,2034
9747,4431
9884,5690
8005,4035
6473,2944
7754,7729
8935,8952
9489,8884
8761,8795
3420,3425
10297,6805
7878,7893
10123,10193
689,614
11474,10777
2164,1406
14814,13148
5132,5099
4888,4903
5049,5021
3760,65
1360,1327
15222,15233
10459,10467
6030,6085
10714,10719
6327,6645
5009,4364
1726,1734
6784,6080
2325,855
11775,6924
685,1452
4041,4489
687,1135
12595,11977
2212,1756
8494,4137
6704,65
14444,14509
1360,387
2155,2159
6712,5676
4652,1273
7430,4928
3061,676
4057,4059
9414,8763
2033,2034
3663,1820
5458,5485
5577,3809
9133,6302
12680,12687
13507,12236
874,273
139,143
6953,5880
15362,15364
1418,1419
11285,6779
1555,1562
4043,4055
11643,11653
5018,5008
10519,9681
1702,1709
3248,3254
4854,4879
9742,9789
13618,11520
3249,3252
7874,7875
8099,2332
11922,11935
4271,3756
540,548
4027,1326
14007,13598
5132,4139
8268,8283
2308,2268
10098,7506
307,119
5651,65
4499,4501
14132,12153
7520,7534
9703,9707
5326,4796
3843,842
13371,6252
11687,6864
7346,4137
5063,5077
2164,1462
6245,6251
3782,732
8931,65
13602,13610
5194,5199
3124,3633
3123,4243
5549,5543
6679,6685
5035,5054
10279,8643
1653,72
564,566
12397,12407
474,475
67,72
2230,772
5326,3680
4997,4988
7268,587
9874,9878
5684,5693
13456,11574
6853,6856
10677,9018
3124,3485
1125,116
459,65
7806,6836
6156,5145
85,104
10804,6489
903,918
13690,12153
11285,3225
5736,5740
4102,4111
1917,1919
6850,1282
1378,261
10415,5744
3124,1708
6865,19
3030,1304
9515,4879
11795,11538
9244,9246
5651,1561
720,734
3601,2861
7446,4446
2241,2284
771,781
10519,10273
577,558
6570,6411
4720,4725
11922,9361
10536,8806
4751,709
11050,10851
3917,65
7520,4416
10714,65
6030,6061
745,254
14253,13155
5096,4137
665,477
14671,13773
6570,6571
9874,9165
10704,10716
3123,3437
6774,65
693,280
4286,65
7346,7362
687,1098
3061,3065
3269,1811
7230,5067
5024,119
9985,9878
3127,3286
10685,10688
10024,4425
693,438
7430,7437
687,1422
1642,548
8935,8955
3828,3834
3126,3633
10311,6085
5517,5523
1047,455
625,548
16153,8701
4888,4904
13138,11013
220,79
13820,13834
8638,4544
4048,4678
685,1431
2821,2154
1748,5232
4027,666
10389,10231
9441,9448
4509,480
2680,2681
9678,9679
720,423
4655,3003
9192,9153
413,52
3154,772
13115,12359
6784,4254
1391,417
9042,8610
7446,7471
10302,5099
3106,3193
8187,3937
10921,10926
2927,1175
10942,1891
2858,2470
4102,4117
943,331
10519,10252
2821,1175
4888,4266
13857,12153
7285,7296
11942,11327
7878,7956
12680,11787
1780,1293
8761,5073
10279,6093
5577,4905
307,312
3232,1419
2242,2243
2591,2601
2852,2726
8529,7902
6943,2929
3323,3324
11795,11707
139,142
6953,5887
7330,1848
7170,7173
10817,10659
1702,1704
654,658
720,726
1859,1862
14779,14802
4069,4072
8179,5845
3843,3222
6838,6839
3599,483
685,1423
12850,11793
2784,2470
7822,65
944,922
8449,65
540,549
13861,8012
12513,6575
8033,7925
9076,9002
11463,11467
6953,6962
5287,5245
2212,65
8320,65
2469,2474
8761,3922
8966,7391
3125,3396
4509,1977
13066,6909
3005,2470
8517,5713
1642,749
8675,7764
3917,3918
8935,4264
6850,1710
2164,2169
3022,2332
2212,899
15997,16003
3366,1905
1887,65
12110,11260
12433,12392
11050,10840
8917,8930
13768,12831
10671,3805
8494,7362
12920,9448
12281,10852
14670,11353
9397,4126
9999,9966
4045,4021
4149,65
12698,5693
8320,4408
5761,5806
2140,2144
7346,7391
6722,6725
687,1103
10111,5587
10015,8769
6659,65
9133,9175
6030,4885
8099,726
1298,1304
685,915
2685,2400
4617,4618
14153,11826
3059,3170
3134,3135
11048,10706
3106,3623
13307,11896
4997,4561
925,566
1579,65
1136,1461
685,1770
9390,9391
3760,1770
14670,2366
4535,65
8462,7714
3879,3224
2896,471
11660,11461
9515,9018
11981,11991
8935,8427
6327,6349
4537,1770
5326,5418
4619,4649
10051,7800
5096,5113
5761,3820
10102,5737
11457,11458
1220,362
5933,6303
1903,676
4579,4581
1965,65
7330,1431
11542,11520
9545,9546
13908,11991
11942,11943
5018,65
1058,65
14615,11145
6929,6924
5326,5408
1670,65
3824,65
15324,15169
2916,1954
3830,3831
2234,1338
5684,65
8177,8178
7446,7506
687,915
7762,7764
13664,12124
6853,5555
3843,884
3124,4349
14183,9171
4499,3743
330,294
15503,13158
13960,13970
3611,3614
10971,10834
10496,7815
5326,5382
11447,6114
1990,2001
1594,65
814,825
3126,3186
5175,65
6156,6165
2548,2422
7790,7780
12110,12111
4027,1175
7346,7399
495,363
3323,3441
2350,1905
7978,7206
7069,1770
11155,315
12595,11896
3105,3625
6156,3805
9005,6762
6774,6779
9094,65
2390,1872
4048,4054
3133,749
584,587
7285,7311
8785,65
3579,1325
8871,8610
8899,7289
14964,14968
307,315
5996,1618
9742,9018
8198,8205
14879,2366
10858,10859
8157,2237
1096,1121
7978,7983
10235,10273
15610,15623
3997,4453
6291,6034
13872,12197
3874,3250
463,331
5458,121
1337,1343
654,659
4727,4736
4046,4021
3127,4306
12513,12522
5458,2134
685,1422
9192,9226
2325,587
10341,10347
13176,13177
3196,2287
6953,6961
1454,1148
13138,13155
8761,4998
5684,5084
685,1106
13170,11811
4149,4153
9133,5709
16479,16489
9703,9223
13533,10686
6552,65
15334,15163
9274,5292
13703,6924
2008,2010
4396,4415
14779,12120
1726,1731
5063,5079
2885,1923
5577,4900
6291,6062
14608,13276
9983,5101
3273,2015
1887,1894
3248,2979
9747,9784
2450,2461
14101,12938
4704,4708
5326,5353
12281,10859
2821,658
15503,15306
9931,9952
7769,7774
13803,13598
11331,11344
4043,4489
1380,586
5684,5695
15199,15065
11795,11789
10436,10438
6784,4453
3760,915
1215,65
3005,2556
1526,1282
2785,2490
1780,65
8338,6181
8215,4573
4831,2186
5736,5742
1642,593
2238,1923
15713,15099
2927,321
11378,4124
6473,2236
9020,8969
14034,13598
5158,1710
4335,261
4050,4035
3677,3680
7430,5136
2860,2861
683,27
5326,4957
11687,11462
10392,10284
2554,2563
1013,721
8935,5077
10536,4266
14513,14517
13540,3895
3139,1872
6265,6267
13925,13933
8338,8341
687,1108
3022,749
11447,4137
9133,9018
1579,480
1168,135
9476,8884
685,1124
11866,11890
8003,7137
540,65
5116,4391
4376,565
3297,273
13988,13089
6245,6224
4261,4267
7446,3641
4343,4532
5517,5521
16217,15319
687,2082
10297,5113
3161,1421
14437,9687
8995,8996
1276,1277
12571,6149
12125,11979
3571,3572
687,1463
10668,9504
3376,1709
13809,7915
13844,11896
10408,9745
5675,626
5761,5781
13703,11982
898,702
9515,3132
11585,10756
12571,6998
11585,9892
10235,65
8292,65
7346,3810
14437,13589
11560,11568
15158,15168
14244,12420
12920,10693
1130,1131
4049,4055
6944,1006
8033,7932
6828,5021
6398,6444
14771,14802
307,314
5761,3688
2042,2046
7790,3651
3124,4306
8449,7076
3123,1090
3323,3326
7446,6209
687,261
6838,1282
9414,7437
3736,858
1961,1931
3164,3168
9682,8387
4102,3662
9747,9759
2390,586
7775,7785
10704,2366
6156,6059
15103,15169
3123,2797
16020,65
7606,7632
11295,1562
10778,8270
954,955
685,1421
6922,4401
13633,12887
2554,2559
15824,15110
9545,4725
3658,3661
12147,1762
14088,13666
11560,11564
8517,8519
11081,11088
685,1105
6400,4610
11863,11871
1752,289
10810,6846
6853,6165
15224,15233
3205,3208
892,549
4396,4408
4083,4089
3082,1340
3352,1431
814,331
6146,6150
3879,3425
4286,1175
5161,3017
12543,7835
1791,1794
11378,7573
5517,4437
13765,12977
8005,8006
13672,4182
2608,2499
3499,65
7001,65
8728,8737
5996,2186
15222,15231
9397,9209
5753,4610
6291,6297
8115,8117
2042,591
10817,10840
3126,3397
6722,6723
11331,11347
9071,8723
4807,2147
4396,3803
5684,5688
13582,9687
12212,3859
4888,4900
10437,8769
9133,9173
8005,5605
9579,9110
10389,4131
1531,1546
378,382
3105,3393
2467,2499
13861,12153
9178,9184
903,915
877,283
15907,15752
13224,5368
10502,9195
1973,1915
9747,8347
8402,5076
13779,9548
9742,9679
7170,4364
4036,4679
177,179
8440,7972
2210,2149
771,782
8425,7370
8638,8643
7825,7832
12873,12877
11331,11343
7170,4934
13794,13598
10496,4139
3418,587
8669,6989
2943,2944
15775,15590
4396,3662
8033,8068
1085,1090
1825,1831
6838,5473
10341,6242
2248,2282
9747,9679
8529,8173
9703,6070
892,552
3819,3820
10496,6101
8338,6297
5577,3808
12025,11890
1726,1737
3611,2054
6094,6303
4261,4266
979,638
4548,65
6327,6355
5911,5338
10714,10715
1990,1894
1843,587
9997,3918
8638,8647
1746,1421
3107,3193
15952,15964
9497,9504
16314,16335
3579,860
6853,4904
15639,15588
6897,4489
4515,4523
15158,15169
3125,3437
5132,4869
8871,8872
251,172
15503,14055
6929,4137
11656,11088
7230,6333
4778,3759
1071,65
2879,2880
4396,4437
10102,9745
4389,4391
3030,1351
4807,4810
15610,15621
8196,7391
14091,12153
1443,1326
6844,4216
6245,4272
665,557
4102,4130
4343,1632
348,27
9747,8010
3677,3707
8425,7362
9274,9315
925,483
6581,6582
6138,4108
1172,472
2263,2806
3249,1131
9874,9759
6153,4219
16314,13792
57,59
6754,6747
2937,2942
2594,2601
2714,2726
10435,10284
11447,4406
10774,5360
685,1104
756,768
3626,782
4935,4402
3166,3171
685,16503
1769,1463
4888,4408
14602,13972
2106,2108
11876,11899
6743,6810
4175,3759
5029,3662
8975,8116
5063,5073
14286,12236
1076,552
5326,4059
15242,14968
5326,5359
6030,6101
687,1452
13988,10686
11457,9687
4854,3662
8115,8116
1835,741
8402,8406
1748,2154
8482,4561
687,1970
3212,1603
9529,3839
13205,11991
1172,65
3366,3497
5865,2332
15601,14899
190,100
4831,4670
1298,1303
1796,1066
3819,3756
497,283
424,427
2997,750
8844,8850
9972,5709
1215,438
1418,660
2254,2270
8931,7316
8761,8000
4396,4436
7769,7770
6486,6491
5761,4178
7971,7972
11358,11369
13745,10758
10810,65
10235,10252
3579,301
5577,5555
9133,4875
6030,6065
6686,4154
16452,16465
4045,4037
13147,13158
2788,2046
2684,2689
4050,4489
10090,9687
2062,471
2350,338
687,2017
5035,65
13518,13037
687,1110
11081,11087
1631,1632
1145,2121
13170,10440
8728,5073
11474,11327
10392,8733
298,304
9747,8954
2890,2726
3297,1704
10408,10385
5252,65
7346,3808
16478,16489
8320,7972
9476,7925
9274,6573
1274,65
2718,2474
8529,7926
4083,65
533,537
6327,6333
10459,8733
7520,6998
10341,5700
7501,281
7747,65
3269,3169
6030,6114
9931,9831
8157,4511
13550,13353
9133,8351
4360,4556
3789,3792
13010,7815
5116,65
12045,10269
9192,9233
7127,7143
5309,5318
9747,4131
7157,5680
5044,4931
8402,5582
8338,4253
4102,4105
771,772
4102,4128
11155,1756
7285,7308
1965,1015
4057,4062
3579,3503
1702,1710
3127,3397
2042,2044
12045,5713
745,749
584,563
1943,331
10297,7442
540,500
2785,2470
11155,1460
3273,3276
9742,8650
3164,3170
96,101
1702,1708
1337,1340
5018,5021
13571,65
9133,6069
12543,4450
6146,4936
4831,4835
3154,962
1702,1049
1405,1406
9985,9018
1746,587
540,545
6094,469
4049,4679
7825,65
1136,16503
8871,8068
13522,13523
11679,6346
1405,315
8440,3808
2033,1318
13073,9557
685,1103
4048,4021
10311,9087
3672,65
1876,1295
15561,15123
2685,2490
6537,6541
2879,321
3139,2169
8165,8117
10341,7835
1391,1395
8246,19
1876,749
944,915
6146,6148
2916,2243
6217,6303
6375,4263
1184,65
6030,3132
4619,4624
8899,8850
2561,2452
1887,1891
2718,2726
538,88
1080,1095
2450,2456
16133,15778
14368,13598
9997,9998
12229,10636
6291,6299
50,65
1276,1285
9972,8441
8196,5555
898,757
452,455
11048,11049
9874,9875
14820,9045
4997,5000
5684,5690
3109,1584
10044,10058
2552,2553
2350,1708
2943,1751
12622,11925
9133,9171
4831,3648
13582,9681
5063,65
378,380
13745,13037
10921,10903
3571,520
9178,9198
10111,4903
685,1988
1736,2305
8761,8769
7790,4904
13456,12977
4041,4054
2140,1649
1779,1546
13394,12887
9397,8520
3124,4244
3061,65
7191,4391
8440,8442
13661,11896
7971,7975
4888,4928
7268,65
2885,16520
11687,11459
3125,2268
6245,4184
14887,14899
6375,6378
6030,6070
8899,7296
1961,1763
7606,7663
8728,8878
5865,280
10437,10440
6712,6513
687,1105
7446,5611
2849,2470
898,897
13371,12933
1641,915
4477,4479
13534,3991
4271,65
8728,9087
925,323
12220,12122
14439,13435
15376,15099
6030,6087
5002,5004
7344,65
2152,2150
8215,8231
5037,5039
6375,4361
2301,423
1139,1075
3511,2474
4343,4352
7170,65
3125,4305
4261,4264
9467,65
4953,4581
6327,4936
13961,12153
2390,65
4042,4489
6722,65
11866,10566
10817,10852
2164,1848
4965,65
2331,2332
2380,2440
13904,11991
1748,2108
3736,1708
12147,12148
874,886
707,55
359,363
1642,65
756,520
7346,65
13205,11534
10502,8429
2006,1937
14775,11520
2106,2107
13332,13333
7070,6924
3125,3484
13630,12919
7001,6615
8099,65
13766,8377
2879,2882
4396,4439
9178,8952
6245,6303
4831,4708
6721,6494
2858,2726
15293,13912
1252,1253
6473,726
7928,43
3166,3168
3154,270
3164,3171
12045,4904
11506,9330
1337,1347
7775,7786
9884,9887
1990,412
720,735
14671,11935
4831,4834
6156,6197
2164,1923
3949,772
8716,8723
4807,4816
10519,11462
14615,13657
8526,8171
9652,8694
29,35
9692,4863
1184,757
10098,9687
8157,1704
3501,3503
16449,16529
6784,4364
6581,4810
12045,9149
7743,2189
3760,3761
14439,13443
1391,1293
10632,10646
903,825
9042,9046
4956,3132
5132,5151
8716,7076
6146,6149
3154,65
12830,7366
6030,5712
5175,1404
7268,7279
10024,6149
7446,7462
2331,1964
10750,10747
13788,13792
3824,2798
456,59
1933,749
1702,1737
11463,6845
6486,6492
4751,2880
8338,8356
5458,4072
11857,11915
10341,8522
903,65
6291,6298
1582,65
10200,10156
4619,3759
9497,9502
10436,10284
14319,14321
5684,5691
3751,3756
10744,10746
10096,8188
133,121
6030,6303
6570,5436
11742,11747
5967,4479
6537,5150
3751,3752
8402,8424
4228,3572
11687,6318
10779,65
2839,2161
5096,5099
1071,1075
1736,1830
5046,65
6030,3805
15698,15339
7878,7904
15660,16005
2684,2553
3125,4348
8761,8006
10311,6535
1454,2150
3585,906
9414,9246
13280,13295
8440,7975
8198,4931
9747,6215
13955,6252
10459,5523
14615,12238
13644,11255
1642,733
13962,13964
685,988
12397,11049
10080,9789
10704,10706
8482,8441
4965,4966
7157,65
9192,9195
3751,3698
4601,3707
13844,11878
12045,4404
687,1104
13691,13692
14183,10360
11447,1762
841,735
9414,9012
7346,4032
3728,3729
9008,5709
11447,3805
8935,8945
3376,3370
14183,8424
2020,2023
8338,7975
3352,2154
1114,1044
2234,2237
3105,3246
6581,5418
7606,7709
540,254
10441,10037
687,1462
1096,1425
9747,7987
3956,1720
3123,4305
16452,16529
5577,5596
2879,2243
1810,1811
3249,3250
3124,3065
954,65
6784,6087
9464,9153
352,331
3321,3322
7127,7137
5761,65
6922,6927
4759,4773
14303,12236
1726,1714
1769,65
11866,11649
6784,5140
5538,5547
1071,1072
3787,1708
7976,8070
4057,4060
7170,3645
3976,3984
685,1135
9414,6297
8311,65
12224,11849
6643,2302
10111,4572
11493,11344
10392,9980
5116,4163
7874,1762
2263,2270
15759,15767
11993,10758
2212,1015
14561,13994
13915,11991
6865,2236
15158,15166
1225,1231
6018,65
7446,7472
654,660
15830,15168
2788,2268
8254,7663
15839,1479
14415,11520
1437,65
7218,65
1642,1690
12229,10646
4987,4988
13084,13097
3166,3167
7790,4131
6517,5485
7971,5700
13433,13388
10302,7370
7285,7289
14550,11568
8005,4002
9390,9089
6498,6508
6537,6213
8462,6961
685,1101
4711,3905
3419,1049
15856,14369
3105,3483
7520,7525
5496,1175
9126,9018
2008,2015
4396,4404
2301,2249
6606,6610
3139,686
3106,4300
6534,6535
1702,65
13147,11839
15503,11534
2368,2088
3059,2288
8693,8701
9849,9012
4704,4723
5326,4062
8338,8357
859,799
2313,1770
15293,15218
14608,14614
14739,8429
4271,4272
253,262
10362,8427
10668,1762
6030,6036
10111,7989
2106,1229
8935,3805
10744,10747
15376,15347
1085,1082
4619,4625
3408,1379
10111,6796
10536,3805
7157,1285
7330,82
3127,1708
8138,1282
5920,65
16434,16477
8099,5477
13703,11965
3105,4342
14964,9632
577,261
1965,2844
1943,1953
8033,7307
3879,1848
1670,1696
5326,5420
1843,438
11493,11489
8659,8801
10024,8357
5496,5254
841,843
8425,5555
1594,1618
13338,10239
16452,16476
6877,6879
3212,3225
689,280
2916,427
5570,5146
11050,11039
4759,4764
3997,4013
3830,3809
14024,14029
13915,11257
9529,9273
859,65
3106,3180
1748,659
7191,65
10235,10239
2368,480
11981,11982
6316,6318
7978,7391
11733,65
5458,1970
164,166
8425,8427
1465,948
687,1431
2788,2924
10133,8945
2230,65
4396,4461
3366,3370
10389,6242
1324,1325
2164,2056
10886,10898
2263,2287
4548,4551
6784,4913
7978,7989
2259,1066
1254,1253
4888,4911
1903,271
9414,5605
5577,5571
8995,9003
11050,10830
8638,7999
8529,8117
8728,8733
13342,13172
3760,798
4335,1770
2337,1953
10810,6145
2846,16520
1405,65
5761,5864
687,1077
3106,3246
5684,5709
3004,2889
6922,6924
3124,3438
13803,8050
11795,11848
10470,10473
14907,13933
6245,5045
12493,12499
4102,4108
8606,8620
5175,5180
16215,16139
9568,7999
5458,5477
1380,315
4759,65
12045,6527
9452,9018
11256,11257
7344,5307
1070,65
12571,4892
685,2082
3248,3459
4083,3759
6291,5102
6784,4835
1337,1345
4376,65
1965,1855
2308,65
8402,7799
13854,6924
7174,3729
7430,4032
10341,10360
8716,8717
1391,1295
13778,10686
9672,9018
8886,7789
12273,9282
3843,1919
10235,4966
8338,8387
13528,13529
11840,11849
5324,65
9719,6539
15839,15584
9692,9190
3320,3216
613,615
1076,65
10858,10903
5132,5145
9076,8990
584,589
13690,10686
7511,65
6784,6814
4044,4489
5538,5539
12045,5113
3579,261
8728,8429
6537,3923
253,35
8198,8206
14248,10989
7123,1690
9747,5605
253,261
1943,1175
3663,1326
14328,10686
7222,7223
2552,2556
8157,3252
8198,7250
2164,1295
6498,6513
1903,1905
5044,5045
4040,4021
685,1457
2325,2440
3127,3195
2093,65
903,910
13534,13523
5324,843
13270,13276
8292,8297
14533,14531
925,928
3139,3140
5458,5199
7775,5709
516,417
6327,6346
3212,1273
4888,4931
9931,9966
11506,10689
10235,10240
2718,2689
13456,11599
10341,7250
7592,6633
6030,6069
12045,12077
6943,3112
12457,7828
14671,3979
7127,7135
685,1430
8198,7255
687,1106
9254,8620
2841,566
11331,10692
1032,638
7712,7729
6984,489
3127,3257
2943,2844
6712,5114
8425,8426
3891,3905
13861,13385
687,1430
14101,14112
685,889
8935,8947
6156,6061
10441,9681
8425,4263
13073,4101
5549,4851
3450,3464
2055,254
8482,8487
12240,12225
5616,659
2923,1318
5458,87
1903,781
6984,6839
8995,9002
3534,3503
7224,117
3579,2902
1416,915
3166,3169
9192,6539
6156,6212
1726,676
3767,3768
4778,4796
8157,1488
699,701
7218,7223
11585,11576
13115,13129
5538,5545
11560,11574
3789,3662
1114,135
8198,3908
16479,16498
14183,8377
3917,3934
5529,5531
293,27
1917,1870
14602,12989
2788,2817
5252,5180
7790,7571
11643,10566
4496,65
4396,4434
5300,5244
2234,2284
2254,2283
13364,13366
3105,4300
8338,4131
535,489
13860,12153
15713,15623
8320,7202
9124,8427
14266,13276
685,1462
18,20
1736,1419
1337,1344
6156,6049
13728,11420
5326,3688
5029,5032
6156,6192
4228,2120
8494,8356
12981,12599
3166,3165
538,539
14266,13682
16060,16405
8517,6149
8198,7199
3126,3485
10235,6173
5616,5629
9094,9110
15949,8297
385,387
7268,6323
685,1295
13371,13385
4023,4025
613,614
1810,1275
9042,9045
13766,5850
4396,4406
10655,65
16314,16334
2788,2035
5132,5146
11993,10566
5132,4934
925,844
8761,7983
4050,4054
8638,8645
9508,8959
9545,9548
1465,1830
8529,7097
8215,8070
5326,5360
6984,1175
1080,1082
687,1770
10044,9474
5116,5124
14432,12831
2879,2154
6291,6303
10774,10777
12224,12225
6245,5779
6537,4266
1859,1282
671,678
11081,11094
8005,5113
10134,6489
1736,65
4250,4253
687,1183
11942,5781
9529,4060
869,702
9013,9018
10569,10570
687,1293
12610,12611
2394,1898
5326,4180
8804,3918
4042,4679
4175,3688
6585,65
10750,2366
12090,3907
10044,9018
5761,3754
3278,65
3639,3645
183,104
6526,6527
5529,65
6712,5015
805,541
10327,6211
3082,1709
7592,6634
213,214
2631,2632
3624,1350
13826,12748
2118,915
5096,5102
9568,9569
8761,7250
2350,2034
7249,6165
266,283
755,331
10024,9453
11760,9551
2055,2057
9133,9028
6537,6544
8033,8056
6156,6188
2325,2332
479,271
4049,4021
13571,12990
14415,11991
14319,10686
6217,6219
3130,267
3956,915
10279,6065
3511,2470
562,563
943,867
7978,7987
14779,13933
8808,5555
12098,12120
6877,4453
13280,10566
4888,4913
3278,3287
10406,8941
9094,9103
13951,9537
5616,626
8652,7724
8728,8735
2839,1759
8268,6723
6721,302
5875,5880
5024,1931
9126,9127
5684,5711
10051,9878
2821,2823
2055,1831
6659,6671
4540,4543
11560,11575
10155,10156
10668,10438
10685,5338
687,1461
12882,6429
7091,7097
3105,3181
15952,8622
7806,65
7346,4155
4142,4161
5684,5700
12168,12200
2313,2316
5761,4204
841,86
4036,4037
2164,260
258,265
13602,13613
6498,65
1337,1351
8187,8209
6265,5815
4854,4869
11378,10355
10080,7464
9126,3661
1168,261
7075,7082
3106,3393
10341,6197
57,61
1806,116
4057,65
8935,4399
14322,12153
12281,10733
15334,15339
685,1098
3139,1419
13371,13384
10066,11459
307,65
11331,4089
7501,1762
14133,13366
14426,4128
1391,586
10051,4009
12882,12627
4083,4094
1360,2305
516,312
11795,11520
685,415
3976,3982
1943,1950
6897,254
13544,13385
13997,14707
11447,9704
7859,7311
2450,2453
2250,1923
14183,9687
1702,2149
841,842
348,283
6291,6302
521,520
10817,10833
13115,12329
4046,4037
6398,4622
4038,4021
665,666
9133,9149
2162,1770
2788,2023
10406,9683
2890,2474
4134,65
898,899
9579,9103
10408,10284
16215,16220
3605,1345
3127,3186
1032,679
8761,8763
4535,261
9545,6582
4261,4556
7878,7908
8215,8222
8187,5596
4537,1958
1391,735
6908,6909
12622,5434
944,948
6784,4904
7978,8028
1748,1719
14971,9105
6526,6530
1943,1954
3605,3614
8320,4898
6486,4919
4396,4402
9868,9869
234,65
3787,1734
1225,65
6479,2046
3127,4349
10235,8647
2008,280
1718,1719
5933,5292
12505,12509
3321,3441
3751,65
2259,65
13371,5420
2301,2302
8675,8657
555,261
7712,7020
10921,10922
266,280
9254,8610
4046,4489
3997,3931
7446,7449
12992,12197
2394,2420
18,26
2738,2589
10311,10339
14595,7293
687,1424
6287,3991
4191,4187
13860,65
1736,427
874,876
7976,7997
4049,4037
13962,11846
12622,6252
16013,9064
11656,10566
7971,6149
1013,923
12240,11842
4044,4037
12240,10614
220,65
7268,6562
4036,4021
3714,901
707,593
9884,7999
3106,3181
4396,4445
2140,2147
4083,2147
841,757
1641,566
3001,3003
7019,7055
3321,3326
9192,9163
11155,100
3107,2664
3127,3065
1145,867
5538,5543
11560,11576
14088,12236
13554,12111
6537,6089
14602,13657
14602,11896
3164,3169
4039,4055
12212,9687
4023,3927
10685,1762
3891,3895
9997,8941
3105,3180
2879,2889
9828,9834
6686,65
11256,11260
8402,6190
8187,8012
7712,7724
5149,1912
491,363
12920,4649
2086,2088
4027,4056
1641,1238
12513,11334
5753,65
1736,1421
1405,593
1337,1350
3376,3390
14278,12236
13879,13880
12129,12153
10957,65
841,768
9870,9892
944,23
6030,4936
11378,9687
2554,2452
8198,4461
13709,11991
15829,65
413,415
6908,6036
10487,6489
7352,5545
15871,15110
2118,2120
10601,10607
9747,9145
925,552
7001,6623
3917,3908
2675,2400
5132,5140
540,304
6784,6801
7238,6562
10697,6444
10229,4263
13771,13773
8170,8173
16013,16015
6153,6303
1125,16503
1887,1897
10435,3808
7075,7076
8338,8206
5326,5447
8338,8353
5761,5815
6156,6215
10111,65
3107,4300
1156,806
13779,12153
6784,6796
4038,4037
3134,3162
4250,4251
9133,9165
4831,3662
3874,3095
50,52
15949,14822
687,1294
11942,5914
251,252
14088,14072
12988,9687
1405,586
13809,13823
13540,13238
5684,3931
2093,2087
268,273
7878,7909
8215,8217
1840,1850
5046,5039
13673,13674
10817,10851
3843,915
85,1238
9244,4001
8338,4904
14398,13353
4039,4679
5326,5424
1225,1015
2350,2356
10750,10753
9274,5395
3107,3316
2680,2553
12988,12989
15430,8717
10536,9690
3601,3122
4854,4930
745,116
15759,15164
10362,8733
3109,3112
6365,3761
16117,16474
3997,4009
266,281
720,721
3906,3908
2140,2163
13854,2366
6585,5411
5736,3809
10676,1762
4142,3756
16449,16476
9747,9687
251,265
11866,11899
14101,5347
3819,65
1380,259
5049,1404
13335,5119
11585,10746
6156,5605
4151,3701
12045,11467
13988,11943
10389,10403
2885,2806
11981,11316
1736,4219
13967,14013
1903,782
11876,11902
13502,10566
720,741
685,2017
2250,2284
13709,13563
6375,6148
3123,2268
16128,13069
12595,12599
12537,4561
13879,8642
6498,1282
11331,5447
8338,6814
11378,6796
1274,1275
8187,4561
699,702
3105,3623
540,27
293,294
497,331
13527,3895
4376,1404
11863,8028
1122,1364
5458,5473
14153,11534
14513,12150
1130,962
463,142
11718,11719
10858,10833
8292,8305
625,483
15610,15629
416,417
13280,11087
892,557
10341,8941
1405,1395
2997,2897
15830,15338
9397,8315
5175,2010
13147,12100
9192,8955
4175,4180
3247,2979
5517,4740
7606,7593
10441,4453
13988,2366
8338,4566
3231,65
10685,65
10436,9784
12202,9015
5675,5676
6537,6043
14303,12977
3624,2088
14739,13767
8728,5611
6486,5150
85,88
14907,11839
9692,7815
8529,8068
6018,1175
4396,4401
10024,65
6606,6615
9742,8335
13826,12236
14847,13610
4042,4037
2860,321
6537,4573
1843,417
5841,4137
3164,3165
416,254
4727,4734
841,803
12920,12877
693,65
877,539
10297,8387
8728,3931
8338,3803
13656,12026
3751,3754
10676,6149
3866,3834
3639,3641
3134,3163
9489,9480
4619,4622
14615,14614
10921,10624
9579,9089
11474,11347
3106,4239
6686,6582
9579,8990
10858,10709
903,906
1726,1303
9020,8769
4083,4060
10685,10689
4509,2942
11860,10467
7346,4009
10714,10720
5570,5571
14971,14978
8871,7137
9545,6267
6030,4131
11742,10686
183,101
4591,65
10235,10244
2350,2357
10051,9127
2164,1794
456,172
10200,9840
6156,4408
4020,4489
2259,2282
771,676
13703,12111
5538,65
12229,12238
4935,4936
12045,9878
2074,280
3161,65
14328,13366
8338,4126
3125,3003
4048,4489
3124,3397
13745,12977
8817,4001
13433,13438
6327,5605
687,1426
14,20
11866,11896
15334,15347
491,438
4619,3699
5753,5754
11322,6219
14183,14186
2238,2284
10971,10986
7157,749
10536,7437
5096,5101
9434,5754
14398,11520
7330,1762
4396,4399
10536,4434
11081,10566
10235,10272
3418,65
9133,4561
5911,5914
12920,12933
6287,6303
1957,1848
6156,6303
13766,7362
11378,7358
3321,3324
5993,65
8526,65
13527,6252
877,884
6291,6188
7346,7415
11331,5354
4223,3132
2594,2556
13507,2366
4057,4021
12850,11316
7285,7316
8957,8963
14253,2366
14266,12236
685,1293
2123,2015
1752,1762
9124,4131
12537,9687
7346,4489
10415,10284
15830,15166
13766,10272
6733,6734
14248,12712
10971,11013
3585,65
4134,4137
5549,5558
8402,5709
13584,13589
15880,15590
6537,6298
10341,10339
10676,65
2123,214
13205,13166
6400,6429
1076,1077
7558,4740
10613,10618
9020,8432
2093,1344
13072,6924
9042,7959
10714,10598
2964,1401
2788,2797
687,1370
4807,3991
11775,11781
8517,8525
1791,65
4039,4021
5287,475
3220,3222
11155,927
5549,5562
6784,4013
10090,4453
8529,7956
1526,261
7775,5558
6743,65
9274,6253
13602,8302
9274,4793
11993,10570
12830,4705
10279,8429
9497,7835
1943,1947
13854,12153
8170,8171
14439,14029
13664,13682
12129,12132
10279,10284
13765,12236
10714,10729
10235,7399
8338,8351
6880,6881
6156,6209
13962,13971
441,172
9983,8429
1779,749
3663,1401
10024,8205
13115,10729
1225,1229
3109,3122
15199,11964
8425,5709
540,541
9020,4928
2212,2236
437,363
13084,12153
2164,5114
5967,4823
1903,1916
7430,7442
4515,4516
11866,11877
1965,795
5002,5008
13550,13069
4831,4408
7874,1282
8215,8219
13534,13435
8254,7042
11637,6924
6784,5558
3677,3701
7249,7255
14053,11991
11536,11538
6929,4573
13084,4813
2380,289
5577,5131
9861,9018
13988,4094
8659,8498
1043,280
4935,4939
10971,10989
437,429
9464,6093
3247,3254
3107,3281
3672,1704
3125,4243
13554,11991
6561,6562
11050,10600
3376,3497
11698,9461
8425,8429
2155,2161
4040,4054
9274,5368
4558,4561
7825,7827
11679,6544
2879,2902
4619,4627
9703,9681
1324,1326
6784,65
10459,7415
925,927
10788,5562
6908,4002
10123,10191
5300,5307
7978,7999
5175,2245
3232,1370
685,2104
9029,9039
6327,4928
8728,8406
4854,4576
12882,12919
3538,3547
5222,65
3107,3623
8177,7827
3724,65
5616,1078
10111,9690
6753,65
7249,6491
7346,3805
5002,2944
4038,4489
10096,5737
1840,254
13716,12712
11679,6149
14775,14802
13176,11534
1022,1027
10804,10257
4778,4793
10134,5737
3105,3429
687,1472
9515,6927
3714,1770
2447,2416
10408,3661
8033,7832
359,261
9452,9461
4396,4431
1843,1848
1752,1763
8785,5136
8338,65
8871,8884
7501,65
4759,12150
12537,6924
1748,1770
11447,7770
7191,6299
14439,13992
1136,1830
1917,1406
3760,1326
183,172
1454,87
5549,5557
12281,10986
3968,2023
4175,4182
14278,13282
13745,12236
3082,3095
6400,6430
14053,11255
5063,4425
538,513
685,686
11155,3761
1465,2150
57,65
7878,7959
13571,12197
2821,587
6853,6854
14671,13993
13988,3707
10519,6884
14286,4596
685,1077
8099,2114
4047,4055
15158,15163
794,666
7174,702
6156,4013
8440,8441
424,280
8494,6149
13371,13388
8338,6212
14344,13598
3123,3632
7878,7932
10311,10384
5646,65
3331,3336
10279,4105
4190,3759
3161,1159
8606,8615
6537,3920
5063,5067
10311,8377
4351,4352
13205,13069
2937,1488
562,331
4854,3808
1917,1282
6400,6423
1887,1898
6891,7789
3164,3167
11457,5521
519,331
4045,4055
9692,5539
2223,65
6156,4581
5002,3017
12388,10980
5326,3698
9828,9831
9020,8341
6153,5021
11742,3699
7520,4573
9133,9145
1391,65
14328,14321
6667,321
13750,12236
9013,8340
15871,15873
14265,10566
8254,8232
9274,9361
6327,4001
4496,2245
1859,1861
7520,7538
8402,8416
3127,3633
213,166
4888,4919
8888,10058
8338,8010
10392,9523
14071,14072
3105,4239
6534,6349
13544,12153
7157,7161
14561,13946
6327,6336
10569,10574
3639,3640
3107,3483
133,116
13602,13603
841,844
5326,5329
8292,7909
4854,4439
841,733
3212,3216
12988,3924
11922,4094
7859,7861
1454,587
687,1112
3030,3031
4044,4679
3106,3316
794,798
7446,7453
3126,4244
13661,10566
7712,6734
16151,14871
12457,8295
4854,7799
15907,15110
16449,16465
3127,3319
3125,3632
13010,4139
4687,1282
3130,3162
4041,4678
4396,4452
1583,1584
10392,6192
1866,1751
2350,2367
5158,5166
2450,2452
13498,12712
3107,3622
8198,4263
5116,5119
11959,11985
5326,5395
5570,5557
3030,2034
5911,5359
7352,65
8761,7462
6030,6043
4509,65
8482,4364
10697,10687
687,1457
859,860
3139,2156
3534,2044
10178,9952
8402,7999
5875,5887
13630,13344
2738,2553
13224,13228
687,1148
470,473
15561,15364
5933,4516
7446,4153
14002,9064
13986,13994
687,1362
7971,4930
4048,4035
12595,11079
687,868
12045,6336
6498,5629
3212,65
1161,65
4023,4032
12212,12197
13779,12522
10459,9998
1032,65
3105,3281
1752,1764
3585,2144
8268,8270
5132,4911
8462,8498
2368,678
2591,2456
2113,2114
10817,10834
794,65
4619,4639
5933,5418
6978,6989
5175,1958
4591,3759
8338,8377
3501,1923
685,1424
253,260
15430,13823
13084,13089
5841,5850
13224,4516
133,135
3626,1581
3742,14707
3126,3195
14739,11871
12988,4139
7446,65
6486,6489
15158,15160
11679,9745
9452,9453
3127,3180
9244,6165
2020,65
14183,10298
3127,3485
12622,12640
13371,3895
8268,65
1013,283
9467,7250
5132,5136
11585,11979
15952,65
943,806
3658,3662
10441,6149
1653,915
4102,4124
2244,2245
8761,7534
4968,3464
4051,4067
3237,65
13507,13037
8005,8010
4175,4184
11358,9282
9724,3907
841,855
1804,1805
4751,615
14615,10566
10436,9745
7978,8074
1819,65
12220,11971
7446,4581
441,35
6327,4893
3123,3216
9983,1762
4015,261
3106,3281
4034,4678
1806,1807
7191,7206
16434,16498
13857,2366
2447,2453
3082,779
707,709
6327,5562
685,1108
9682,9687
2242,2282
689,537
5014,65
5161,2944
4652,4654
1752,1756
720,750
7264,2057
5132,5111
1795,261
3677,3699
1876,1770
4043,4037
4102,3808
5616,2245
11447,10357
4351,4532
2718,2681
3205,2057
1774,1770
3123,4348
441,294
13986,13665
2091,2103
266,254
10341,7259
9008,4723
8935,3937
6537,6539
4854,4934
14887,12919
3976,1710
15759,15160
685,868
13224,11369
10655,10659
13562,13563
5736,5744
13829,12236
685,1370
794,799
3001,2797
1748,5244
1058,83
5161,5163
6486,6495
8338,6488
1526,548
7268,1175
4198,4204
8402,5079
10886,1897
9464,8520
3948,65
4687,4695
8033,8050
14002,8622
3130,3163
3760,2882
5761,4815
9703,9683
6784,5099
12622,9551
15839,14891
14437,14186
4036,4489
15103,15123
8402,6215
2164,2183
6784,5605
13986,12236
2885,2802
3107,3625
7019,7020
4854,4113
3263,1731
10311,3662
1145,16503
13779,13784
3297,3302
14814,14055
15824,15337
3126,3438
8402,5136
13951,12153
1378,1379
11506,11508
4759,4762
7123,5232
9178,8525
9678,4879
15880,15881
6316,6145
8761,5557
4854,4863
7446,7486
12992,12994
5996,65
7554,4561
12595,11564
5761,5292
14398,14402
7285,7313
10235,4137
13335,6149
11866,11867
4987,3836
14294,12236
4888,4439
4396,4425
1843,1850
12988,7449
5993,5990
330,332
7001,7042
13925,11991
4102,4126
7001,7055
2788,2798
258,259
5549,5555
10024,10033
8529,7143
183,189
5194,5004
8935,4364
6581,6574
6151,6152
9414,4934
16151,16406
9985,6645
685,1297
1835,915
5996,2798
7191,7197
9254,7927
5987,5990
10514,8429
8517,8522
6265,6303
15907,15767
521,35
8246,8247
943,380
2155,2107
13961,12132
13147,11781
10134,6145
10487,8377
8033,7866
2020,2001
4601,4610
164,165
6552,4408
9985,8427
13280,10753
2254,1425
687,1423
6733,6810
8003,8012
720,732
16229,9064
1973,1977
943,918
1961,65
1582,915
10536,10346
11795,11826
13988,10688
14444,12153
6030,6049
3030,454
9020,7975
8804,8806
10774,4182
687,889
7191,5127
12622,65
2263,2023
6265,3698
9192,9209
9747,5555
3126,3065
5309,5319
13371,5348
1871,1872
11704,11707
15827,15828
564,261
12543,3808
2140,2186
4047,4021
3639,3648
8675,7632
1736,294
687,686
13394,13939
4190,4060
10536,8519
4045,4489
268,270
4043,4679
14730,7975
2005,811
7878,7902
3714,119
6217,6224
14303,10753
14153,13172
13750,11574
10704,10709
4050,4021
12025,11587
8728,7370
2042,65
4034,4021
6930,6998
1806,1108
2008,1931
5841,5845
13534,12153
7446,3808
6030,6077
685,65
1139,2150
10437,10284
3869,3768
8198,5713
1043,1044
3232,3208
14286,10566
11791,11257
2212,2159
9192,9173
12610,11896
3997,4004
7346,7358
3125,3194
1031,65
13716,1762
6473,5008
13962,10926
9529,3984
10441,10493
6570,5382
15334,15338
3376,3031
4022,4021
1047,1049
4149,4163
14912,14917
15224,15065
11922,11929
13527,12887
2263,2268
10111,4130
5326,5411
11942,5319
5035,4551
6498,5163
13582,11451
7091,7094
6784,5525
11585,11653
3420,2154
4684,587
8888,4988
8196,8245
11078,11094
4831,4851
6944,6152
13664,13037
2784,2474
7790,7815
13562,11991
3446,2023
13138,13129
2469,2470
1900,915
7520,6378
3891,3892
11419,10715
10024,9198
9192,4254
3124,3195
4953,65
13664,10566
9703,9718
841,492
14865,14867
13941,12236
6030,4137
14238,12877
11463,11464
9747,9773
2964,686
13618,65
12882,12886
6030,4126
8529,8178
4020,4021
8196,5571
4138,4139
685,1296
4997,65
5009,4891
10102,8416
8957,8959
4015,65
892,500
11840,11842
9747,4393
8402,7525
4051,4052
9985,7197
13809,7903
9274,6423
14513,10686
8761,8520
944,816
15929,15881
10392,9690
2390,331
8844,8615
944,749
13750,13751
10470,9226
6030,4568
9178,8788
13456,12236
3231,772
5096,5111
1943,1770
685,545
8338,8347
5326,5368
7352,1762
6030,6054
4711,4715
699,254
13861,13848
13875,12197
14779,12111
14850,4736
5736,5748
11585,11599
11144,11145
1096,2268
6327,4002
4191,4205
7971,4892
10051,10054
6984,5531
9747,3806
14887,14891
13908,13907
2714,2512
3082,2367
268,271
8935,8941
7878,7903
10677,7462
2230,2284
6853,5695
13875,7533
13771,13692
2113,2056
5326,5434
13338,5611
253,252
1866,1862
2350,2366
3123,3194
15293,15306
12537,10191
115,116
13609,7289
2923,1905
13509,13037
9861,6101
8187,7173
12698,4898
6327,6055
5326,5413
2244,2282
13433,13443
11775,11848
13528,12153
14671,14707
4340,4192
3105,3622
12168,65
6686,6574
12281,12329
771,271
14183,12840
8196,7972
5911,5815
13691,13384
5761,4478
9985,8353
14368,14369
10676,9212
115,117
7511,6508
11959,11965
1225,1238
9397,8432
13904,13907
1943,289
7346,6036
1437,438
11660,11676
16021,16022
10051,10059
12920,12938
1225,320
15775,15621
9244,8201
6552,5605
877,879
1840,65
2788,2806
4540,4544
6570,3132
9178,8217
9274,9330
8005,5150
9884,9233
7285,7293
9747,4364
13672,5329
2955,1807
3127,4244
5753,5614
10279,8786
1876,734
10613,10614
15750,15735
11331,10168
841,380
5651,3132
11942,4052
7712,5990
6929,6077
4704,65
10536,8377
7001,6961
14368,8302
6400,6411
5577,5605
7775,7774
3139,65
12882,12887
13962,11088
10362,13607
7928,1282
4175,4178
5132,5150
7554,6215
15561,15584
8005,6150
4807,4818
6753,1824
6375,65
771,179
7191,7199
7224,65
6217,5773
1641,87
15103,15110
8517,8520
13644,11534
11643,10926
7712,7709
13844,13281
4997,4998
5326,4161
14138,12100
10519,10384
7775,4108
10111,7471
8292,8302
7554,6355
11331,3982
13527,12153
352,332
10496,4939
3124,3186
10235,8231
9678,5726
903,423
3677,3692
13988,12153
6667,2930
8338,5611
4044,4021
4509,2087
10817,10733
13509,12236
687,415
805,806
4027,2154
12543,5523
6030,6055
7091,65
10066,9707
3107,3246
12622,3743
9747,5000
3538,1421
3736,1709
12182,10193
5577,5611
4083,4099
8157,3287
11144,11146
3824,3859
6534,5555
6030,5131
14561,13665
16133,16139
3866,3943
11866,11878
16078,16406
15750,15752
15827,65
944,314
8621,8872
14850,2366
307,323
11585,10624
1752,1759
14671,13529
10714,10721
4655,4654
4261,4263
10804,8733
9999,1923
177,65
4807,4764
10750,10756
234,73
540,552
4619,65
319,321
6156,6242
756,500
3789,3806
685,1461
6908,5150
9192,9175
11447,10808
10297,8947
3997,4002
10178,9840
687,1124
3830,3836
11378,10347
10066,9980
7238,2332
10502,4543
9849,9851
1225,684
5996,2864
11775,11851
470,471
1156,438
12182,6924
687,1432
2212,1770
3579,3276
3126,3319
8033,7904
6486,5547
4807,4823
6784,6805
1150,749
11959,11964
7762,65
14426,10338
8099,4695
11733,11079
9133,9163
1813,1817
1702,1714
2561,2550
15829,15828
9747,4834
4047,4489
11457,4139
12595,12604
10957,10960
2008,1222
10514,8424
14002,7861
13456,11676
5684,5712
3124,1905
15639,14899
8761,5562
511,513
4509,3302
10133,7353
10502,5726
10714,10733
11155,899
1495,280
8517,7999
3124,3286
1405,523
14183,4561
10229,10231
12830,12831
13364,13368
8817,65
13066,10357
11942,9282
8761,8074
10311,6043
13794,7094
15282,12171
3626,3390
14671,13097
3166,3170
9724,9687
15713,15735
2152,2513
11760,10686
6581,6571
7606,6671
11474,11489
1961,1463
11860,8028
10311,5073
13066,6530
685,1294
794,803
6754,6762
9579,9632
7191,6924
6643,65
2943,2889
3196,3198
1748,734
16229,16015
15158,15164
9579,9003
6844,6845
1963,1850
2212,1696
13544,12887
14444,4182
6327,5571
9467,9474
10685,4187
9747,8222
8187,5611
4041,4021
14294,13530
1380,593
12045,11451
11358,9341
6537,3931
2322,1848
424,321
7978,4439
16229,16334
10714,10716
11536,11707
7825,7852
1724,82
4888,4251
3126,1708
8425,5571
12168,11991
8338,4001
1843,757
1900,386
1013,471
14183,7975
9192,9212
10297,9218
9029,7774
14730,13880
11457,4998
13332,9745
12988,6909
8871,8056
9124,9018
5153,4988
4558,4566
3249,886
10341,10033
7191,7202
4040,4489
3133,65
6880,5744
3125,1090
16229,13792
11447,11451
6704,5485
1965,928
14002,13613
14053,14055
6863,6864
2841,2848
12505,65
1360,910
5612,65
2164,2104
11660,11977
4778,4089
5132,5168
10235,9687
11378,9878
10042,10058
13854,13939
10279,8737
3105,2664
5577,5587
9133,5099
13745,13747
9747,6527
2250,2288
13854,3895
10435,5099
474,360
481,483
3639,3651
319,320
10311,3831
9441,9273
3789,3805
12121,10926
685,1460
10111,8769
7268,1326
3997,4001
10858,10600
794,795
5153,3641
3419,782
9545,9551
8482,65
9849,9850
9703,4573
96,100
6151,2268
8338,4264
9672,8795
8311,1762
5132,4461
4047,4037
10817,10830
14253,12712
9397,7462
479,480
8728,4263
9985,7259
10441,7984
1324,1327
14133,2366
499,500
3123,3484
1220,1222
4042,4021
8015,7316
14067,12392
9672,6093
14550,10566
2062,1862
11050,10659
7775,7780
720,733
2212,565
7430,6099
13879,12989
1136,520
10042,6879
495,423
8638,6149
4376,1770
685,1432
5684,5713
14771,4988
925,23
4684,915
6853,65
12281,10719
9076,6747
2943,2186
10111,4892
13900,1762
10514,6541
540,283
2241,2237
10297,4904
13502,12236
3917,3927
687,65
9529,65
9124,8335
11378,8963
5911,4094
2955,1229
9931,9850
14739,11464
9192,9246
5549,5551
3321,3994
6030,6089
5154,3140
13084,4818
3816,65
9008,8315
5761,4627
7743,65
15561,15590
11760,6251
5194,65
12981,12604
1583,587
4396,4416
5458,825
7346,7353
10441,5711
491,492
1013,1015
6853,3805
1748,5254
16148,65
687,545
5458,1072
3891,65
4231,4052
1577,782
6844,6846
13147,13148
8761,8758
7264,65
10437,9745
14907,14917
15334,15337
16151,15273
4343,3483
7878,7926
6606,6623
4599,1770
13673,4182
13507,11902
501,65
14814,13177
4579,3662
13703,11534
6153,65
10408,8878
13224,12640
6585,5318
4888,3831
7712,7714
7978,6077
183,142
4499,3892
50,82
1594,1603
11155,3547
1161,772
10155,10168
3789,3640
13960,12236
15856,9064
7346,7370
3824,2103
4083,4101
11795,11797
13433,13435
6784,4137
5865,4056
8975,7313
7268,2163
5149,1708
10341,4568
3611,1347
16021,15806
687,1297
2841,500
6891,3907
3106,4342
3126,4349
10302,10240
8761,8786
4888,4452
12121,12122
12726,12748
14432,10473
9467,4412
9133,7789
14964,14978
5326,4639
11585,11867
15324,15175
13788,12801
8187,8188
10311,10338
14432,9153
7769,5688
9434,9448
14344,7135
1492,332
814,816
12882,11929
5291,5292
7069,586
9133,6645
8638,8650
16217,16220
6704,5187
9682,6145
13691,11353
459,469
9192,9177
1965,2150
452,454
437,438
13224,13238
10408,8209
720,709
14132,13435
10470,7362
3767,915
10096,8645
12090,5545
14550,13282
9192,9223
11155,7164
10279,7250
1022,955
11378,3859
14034,13834
6153,1824
4558,4568
6581,5353
8761,8814
6897,2316
11922,11925
4396,4450
6285,6303
10327,9018
10235,10269
2591,2593
13766,6056
841,214
10484,8814
3976,3979
8402,6645
5577,5582
13421,6544
555,556
6922,4137
7123,2121
903,922
4831,4004
954,962
5326,5338
6473,65
14266,13666
13609,13598
3107,4239
10613,10624
9274,6430
13962,13972
14671,13781
8033,7893
13854,12919
14183,8643
6712,2134
12235,12236
14820,14822
8517,5737
8268,7724
8462,8801
11285,408
10102,3805
12123,11902
6581,65
5987,65
4396,4422
4102,4109
11981,11548
6537,5555
1500,676
9476,9480
15610,15231
4778,3905
14865,14871
5063,5084
14594,8930
898,189
14238,14239
13518,12236
13672,12153
1156,1159
3126,1905
4360,4361
3106,3429
2916,65
3001,16520
13115,12407
12388,12392
15316,15041
1795,587
3538,1222
4038,4055
190,121
3106,3483
13170,13172
11840,11846
11775,11789
11698,9687
10297,9745
11370,1325
2164,116
1031,734
7878,7927
12622,11508
6537,5551
15997,8622
9672,4124
720,283
14420,14402
3107,3393
3123,3396
9133,5000
4854,4131
7001,4734
10235,10257
8886,5555
13955,12153
794,321
474,261
12920,12886
13925,13926
13842,13848
10297,10298
687,1101
3107,4342
12397,12420
14594,14369
13829,13751
2788,1121
11585,11587
9724,8432
14053,12851
687,1296
7191,7207
687,1295
13371,3979
13820,12236
3232,2338
6156,4928
13967,13970
3677,3698
12025,12027
6897,5004
13908,13912
14671,65
8638,3640
7592,7593
481,472
18,19
1796,65
5154,1277
13765,11079
8652,8283
2718,2512
805,239
12680,11707
13728,12712
5577,5585
853,179
9515,7486
4854,4905
12850,12851
6156,6173
1531,1488
14671,13784
6953,65
14420,11797
14439,14509
3789,3803
499,254
2380,2539
877,758
6030,6034
7859,7866
5684,5614
1748,5245
13147,13166
3125,3318
11144,11461
2140,1424
9192,7835
5612,5614
6784,4436
14278,14283
8606,8610
4599,3224
8402,7465
13456,13459
6156,6190
4720,65
4807,3701
10788,9687
6030,65
7520,5168
3237,1770
2006,65
1594,591
10778,7755
1965,1763
14091,5912
535,472
2164,2189
6156,5742
14671,9315
4151,65
6828,2236
903,314
15997,15964
10235,5032
3906,3907
4655,2268
13498,10721
13280,13282
6498,2316
2937,2356
7268,843
7790,7800
2611,2499
2337,2539
9192,9218
1577,1364
2896,2897
564,565
2554,2550
13073,11344
3949,1916
2788,2802
13766,13767
9529,9537
859,189
5326,4625
9020,6491
3109,2108
10279,9195
3105,3193
4389,4393
7191,6492
2846,2864
5063,5076
4042,4055
4831,4126
7127,5232
11795,4723
12618,11722
1869,1870
685,1463
11081,10960
5458,1958
12168,12171
9497,7786
1752,19
2123,2134
7346,6495
4039,4489
10341,10346
5149,65
12622,3895
14671,14239
6156,6181
5933,4669
15561,15588
7249,7250
16133,15711
9678,9683
12202,12197
5222,726
685,1183
10408,8426
15555,15110
8693,8691
1917,254
2123,1861
6486,6488
5577,4109
10704,1762
8440,4124
10685,4062
4231,3943
2631,2559
501,143
903,702
14,27
16148,16405
3601,2057
7978,6378
11860,10059
10096,7538
8198,6488
892,901
3677,3688
13433,4773
405,412
10134,9915
12920,4062
2450,2422
14912,13912
13672,13674
14024,3688
8338,8340
6030,6059
10297,9509
7285,7307
4987,4905
2337,2338
555,557
15334,15123
6679,3991
16430,65
6146,4001
4617,4669
9579,9391
15362,15041
3004,500
15804,14899
2020,2035
10804,10808
1416,65
1642,589
12025,12026
5911,5806
9192,5713
14002,13834
13842,3895
7978,8000
3601,1326
3782,659
4888,4898
11078,11079
9652,8996
1769,1770
3824,1006
14002,7852
1555,65
1813,1824
6930,1762
11419,11420
756,65
671,676
10392,8341
1437,593
5684,4581
4102,4025
16020,16022
14739,7453
10454,9502
15190,15099
12618,6252
2548,2461
9013,8432
5911,5912
12273,5353
2927,2930
9133,3908
10024,4415
298,302
14007,12801
11378,9087
3130,3135
7346,4902
6606,6634
2301,438
841,331
10971,10980
14670,14112
9390,8695
8529,7908
7501,7329
10536,7415
15804,15806
10111,10121
8621,8622
3741,1421
13342,13344
5651,5614
10341,10357
555,558
8165,65
13844,12236
15158,15175
9747,5562
8320,4422
2140,1229
15952,9064
1076,1078
3106,3625
1252,1019
11331,5424
4034,4489
2055,2056
8899,8178
7928,1848
4034,4035
183,121
8215,8735
15759,15778
7123,825
10685,6685
14,23
9719,9718
5458,3112
3917,3924
511,65
6850,5021
4360,4670
10671,8441
13433,13368
2164,2163
10408,10418
8338,8074
8652,8232
2709,2632
4587,4596
14615,13964
2955,2889
10714,10600
10971,11039
3968,65
1933,65
10536,5740
10804,10058
8652,8657
7238,2844
16078,15273
1804,65
495,87
11447,9687
77,83
14294,14283
2008,587
3789,3810
2885,1090
11155,5531
13656,13657
6156,6211
6400,4094
14278,10960
15698,15629
9692,3908
10408,6242
10222,6145
10222,10223
1391,165
6245,5413
1903,1912
4022,4489
3869,119
943,261
2467,2468
7978,65
903,923
15597,15123
6880,5073
7249,4408
12273,11747
10514,4139
3220,3224
7878,7925
12571,6145
11585,11971
9747,8339
3917,3937
13371,9546
15224,65
5911,4624
8320,6856
8517,5136
16013,16003
11876,11877
385,386
1752,65
10817,10720
8338,4939
13765,10566
1887,1095
1405,1379
16060,16474
6030,6056
8187,65
14739,11719
7182,1561
6570,6574
1642,1649
10697,10440
9192,9184
11542,11548
11679,8377
5761,5409
6138,65
15199,12687
10297,5562
3125,2797
3125,3216
10942,10898
9133,9153
416,52
9579,9082
4198,4216
584,593
4138,4137
10685,10693
3127,1905
10519,8188
9274,5354
13842,2366
10392,7999
14344,13603
3624,65
3127,3438
1548,1293
8179,4573
12123,12124
13768,10403
671,679
8526,8527
5326,5436
10632,10636
4854,4109
4050,4678
9515,7472
11795,11839
10200,9851
10024,9887
14879,14531
13962,14013
4102,4121
7249,7259
696,698
2164,1770
685,1362
4047,4679
5175,5187
12988,12990
9497,9018
8215,7997
535,534
8638,8642
6880,6854
9094,9105
7790,3934
13534,12887
9192,5695
7346,4903
5291,6303
359,360
1136,1479
10024,10037
13520,13530
11524,11520
3107,3429
7346,5695
10111,10120
9508,9509
5326,5347
7775,7776
13280,13281
11643,11649
13672,12887
6156,6213
330,172
4854,4875
3347,65
14067,12712
11378,8487
3968,2817
3107,3181
495,419
4043,4021
6828,1327
12045,6818
13962,13747
12976,12977
13582,13333
13779,13781
805,684
10042,3831
1866,254
3917,3808
685,1112
10957,10618
16229,16335
2164,19
16479,16477
424,294
9005,9012
14002,13598
14132,12877
687,988
3917,3923
2841,2844
11791,11793
1492,749
1220,1175
10096,9690
4396,4446
1748,1751
7346,5124
14739,12994
416,419
1631,65
13664,13665
14286,11896
6486,6378
15316,15317
4888,4891
10341,7353
14071,13971
10024,10041
853,858
3874,1704
6030,6093
10341,9745
9884,7815
11155,65
4360,4364
3297,2357
8621,7932
13571,10473
5675,5680
4854,3809
3789,3809
9678,9681
14278,10566
13072,11985
8494,6063
13421,12197
11358,10693
14101,4715
6828,5634
13988,13992
11981,11257
9013,9015
4038,4679
4102,4113
14138,11534
15362,15099
4049,4489
8844,8858
10341,9018
814,386
8338,6349
516,419
13147,12200
6561,2144
3105,3316
8844,8527
1871,587
4023,3805
6686,5418
8033,7082
16434,16520
10389,10284
3408,2057
3741,2249
7978,7984
3760,1954
5326,5409
2086,2087
3123,3318
7344,2134
12988,8520
10080,6884
11447,9875
9870,9869
6570,6575
12090,12077
470,472
687,16503
16153,14867
13371,13228
13745,65
7346,7366
11331,11334
15698,15711
5761,5408
4046,4055
14183,10121
4751,4753
11795,11811
14602,13747
9008,8758
10779,4725
1136,1135
10341,10385
10685,10692
3736,1580
7859,7308
12839,9745
1080,65
4655,1006
10519,10418
13522,12887
6784,6818
11322,11327
253,254
1555,1561
12281,12359
5993,1293
892,315
10311,4108
6365,6369
7825,7828
4069,65
14053,11851
12680,12175
7790,7207
9703,9834
4044,4055
14615,13295
6156,4445
10484,6148
8931,7137
2162,660
687,1460
10111,8959
4558,4576
12045,10041
10671,7786
5761,5779
10341,10355
685,1472
8935,8954
13224,11489
5049,5054
1405,1295
8886,8795
2280,2282
7430,4131
7070,7071
424,429
6784,4439
3741,1222
7224,500
1736,473
4558,4572
12235,11146
16478,16477
3751,3759
5577,4901
6891,7250
3323,3994
9020,9028
4807,4813
13962,12236
1454,915
9672,8442
7157,7164
12168,12148
7191,4436
2927,2929
15952,8858
8320,4892
15601,15123
687,2104
11322,3752
2008,1937
15597,15317
1774,1406
10341,5111
10601,10598
3107,3180
2280,1175
7170,4117
479,65
10111,9679
12433,11458
2005,65
6479,5166
